"No.","Time","Source","Destination","Protocol","Length","Info"
"1","0.000000000","10.0.0.3","10.0.0.2","TCP","74","44120  >  34568 [SYN] Seq=0 Win=42340 Len=0 MSS=1460 SACK_PERM=1 TSval=575208799 TSecr=0 WS=512"
"2","0.151357243","10.0.0.2","10.0.0.3","TCP","74","34568  >  44120 [SYN, ACK] Seq=0 Ack=1 Win=43440 Len=0 MSS=1460 SACK_PERM=1 TSval=2997797706 TSecr=575208799 WS=512"
"3","0.202040999","10.0.0.3","10.0.0.2","TCP","66","44120  >  34568 [ACK] Seq=1 Ack=1 Win=42496 Len=0 TSval=575209001 TSecr=2997797706"
"4","0.227033309","10.0.0.3","10.0.0.2","TCP","2962","44120  >  34568 [PSH, ACK] Seq=1 Ack=1 Win=42496 Len=2896 TSval=575209001 TSecr=2997797706"
"5","0.250517356","10.0.0.3","10.0.0.2","TCP","2962","44120  >  34568 [PSH, ACK] Seq=2897 Ack=1 Win=42496 Len=2896 TSval=575209001 TSecr=2997797706"
"6","0.275038008","10.0.0.3","10.0.0.2","TCP","2962","44120  >  34568 [PSH, ACK] Seq=5793 Ack=1 Win=42496 Len=2896 TSval=575209001 TSecr=2997797706"
"7","0.299128688","10.0.0.3","10.0.0.2","TCP","2962","44120  >  34568 [PSH, ACK] Seq=8689 Ack=1 Win=42496 Len=2896 TSval=575209001 TSecr=2997797706"
"8","0.323622644","10.0.0.3","10.0.0.2","TCP","2962","44120  >  34568 [PSH, ACK] Seq=11585 Ack=1 Win=42496 Len=2896 TSval=575209001 TSecr=2997797706"
"9","0.377987416","10.0.0.2","10.0.0.3","TCP","66","34568  >  44120 [ACK] Seq=1 Ack=2897 Win=41984 Len=0 TSval=2997797933 TSecr=575209001"
"10","0.402141157","10.0.0.2","10.0.0.3","TCP","66","34568  >  44120 [ACK] Seq=1 Ack=5793 Win=41984 Len=0 TSval=2997797957 TSecr=575209001"
"11","0.426140469","10.0.0.2","10.0.0.3","TCP","66","34568  >  44120 [ACK] Seq=1 Ack=8689 Win=41984 Len=0 TSval=2997797981 TSecr=575209001"
"12","0.453760884","10.0.0.3","10.0.0.2","TCP","2962","44120  >  34568 [PSH, ACK] Seq=14481 Ack=1 Win=42496 Len=2896 TSval=575209227 TSecr=2997797933"
"13","0.474241002","10.0.0.2","10.0.0.3","TCP","66","34568  >  44120 [ACK] Seq=1 Ack=11585 Win=41984 Len=0 TSval=2997798022 TSecr=575209001"
"14","0.476730529","10.0.0.3","10.0.0.2","TCP","2962","44120  >  34568 [PSH, ACK] Seq=17377 Ack=1 Win=42496 Len=2896 TSval=575209227 TSecr=2997797933"
"15","0.492024457","10.0.0.2","10.0.0.3","TCP","66","34568  >  44120 [ACK] Seq=1 Ack=14481 Win=41984 Len=0 TSval=2997798047 TSecr=575209001"
"16","0.500904828","10.0.0.3","10.0.0.2","TCP","2962","44120  >  34568 [PSH, ACK] Seq=20273 Ack=1 Win=42496 Len=2896 TSval=575209252 TSecr=2997797957"
"17","0.525238316","10.0.0.3","10.0.0.2","TCP","2962","44120  >  34568 [PSH, ACK] Seq=23169 Ack=1 Win=42496 Len=2896 TSval=575209252 TSecr=2997797957"
"18","0.549510583","10.0.0.3","10.0.0.2","TCP","2962","44120  >  34568 [PSH, ACK] Seq=26065 Ack=1 Win=42496 Len=2896 TSval=575209276 TSecr=2997797981"
"19","0.573539947","10.0.0.3","10.0.0.2","TCP","2962","44120  >  34568 [PSH, ACK] Seq=28961 Ack=1 Win=42496 Len=2896 TSval=575209276 TSecr=2997797981"
"20","0.598101630","10.0.0.3","10.0.0.2","TCP","2962","44120  >  34568 [PSH, ACK] Seq=31857 Ack=1 Win=42496 Len=2896 TSval=575209324 TSecr=2997798022"
"21","0.604559230","10.0.0.2","10.0.0.3","TCP","66","34568  >  44120 [ACK] Seq=1 Ack=17377 Win=41984 Len=0 TSval=2997798159 TSecr=575209227"
"22","0.609774816","10.0.0.3","10.0.0.2","TCP","1514","44120  >  34568 [ACK] Seq=34753 Ack=1 Win=42496 Len=1448 TSval=575209324 TSecr=2997798022"
"23","0.628105334","10.0.0.2","10.0.0.3","TCP","66","34568  >  44120 [ACK] Seq=1 Ack=20273 Win=48128 Len=0 TSval=2997798183 TSecr=575209227"
"24","0.634105909","10.0.0.3","10.0.0.2","TCP","2962","44120  >  34568 [PSH, ACK] Seq=36201 Ack=1 Win=42496 Len=2896 TSval=575209342 TSecr=2997798047"
"25","0.651384238","10.0.0.2","10.0.0.3","TCP","66","34568  >  44120 [ACK] Seq=1 Ack=23169 Win=54272 Len=0 TSval=2997798206 TSecr=575209252"
"26","0.658294097","10.0.0.3","10.0.0.2","TCP","2962","44120  >  34568 [PSH, ACK] Seq=39097 Ack=1 Win=42496 Len=2896 TSval=575209342 TSecr=2997798047"
"27","0.670483989","10.0.0.3","10.0.0.2","TCP","1514","44120  >  34568 [ACK] Seq=41993 Ack=1 Win=42496 Len=1448 TSval=575209342 TSecr=2997798047"
"28","0.678208378","10.0.0.2","10.0.0.3","TCP","66","34568  >  44120 [ACK] Seq=1 Ack=26065 Win=59904 Len=0 TSval=2997798233 TSecr=575209252"
"29","0.694590958","10.0.0.3","10.0.0.2","TCP","2962","44120  >  34568 [PSH, ACK] Seq=43441 Ack=1 Win=42496 Len=2896 TSval=575209454 TSecr=2997798159"
"30","0.701061355","10.0.0.2","10.0.0.3","TCP","66","34568  >  44120 [ACK] Seq=1 Ack=28961 Win=65536 Len=0 TSval=2997798256 TSecr=575209276"
"31","0.718753465","10.0.0.3","10.0.0.2","TCP","2962","44120  >  34568 [PSH, ACK] Seq=46337 Ack=1 Win=42496 Len=2896 TSval=575209454 TSecr=2997798159"
"32","0.724563899","10.0.0.2","10.0.0.3","TCP","66","34568  >  44120 [ACK] Seq=1 Ack=31857 Win=71680 Len=0 TSval=2997798279 TSecr=575209276"
"33","0.742971946","10.0.0.3","10.0.0.2","TCP","2962","44120  >  34568 [PSH, ACK] Seq=49233 Ack=1 Win=42496 Len=2896 TSval=575209478 TSecr=2997798183"
"34","0.767700974","10.0.0.3","10.0.0.2","TCP","2962","44120  >  34568 [PSH, ACK] Seq=52129 Ack=1 Win=42496 Len=2896 TSval=575209478 TSecr=2997798183"
"35","0.767944390","10.0.0.2","10.0.0.3","TCP","66","34568  >  44120 [ACK] Seq=1 Ack=34753 Win=77312 Len=0 TSval=2997798323 TSecr=575209324"
"36","0.792208347","10.0.0.3","10.0.0.2","TCP","2962","44120  >  34568 [PSH, ACK] Seq=55025 Ack=1 Win=42496 Len=2896 TSval=575209501 TSecr=2997798206"
"37","0.792339252","10.0.0.2","10.0.0.3","TCP","66","34568  >  44120 [ACK] Seq=1 Ack=36201 Win=80384 Len=0 TSval=2997798347 TSecr=575209324"
"38","0.804647107","10.0.0.2","10.0.0.3","TCP","66","34568  >  44120 [ACK] Seq=1 Ack=39097 Win=80384 Len=0 TSval=2997798359 TSecr=575209342"
"39","0.815726398","10.0.0.3","10.0.0.2","TCP","2962","44120  >  34568 [PSH, ACK] Seq=57921 Ack=1 Win=42496 Len=2896 TSval=575209501 TSecr=2997798206"
"40","0.839949948","10.0.0.3","10.0.0.2","TCP","2962","44120  >  34568 [PSH, ACK] Seq=60817 Ack=1 Win=42496 Len=2896 TSval=575209528 TSecr=2997798233"
"41","0.840218440","10.0.0.2","10.0.0.3","TCP","66","34568  >  44120 [ACK] Seq=1 Ack=41993 Win=80384 Len=0 TSval=2997798395 TSecr=575209342"
"42","0.864267715","10.0.0.3","10.0.0.2","TCP","2962","44120  >  34568 [PSH, ACK] Seq=63713 Ack=1 Win=42496 Len=2896 TSval=575209528 TSecr=2997798233"
"43","0.876903272","10.0.0.2","10.0.0.3","TCP","66","34568  >  44120 [ACK] Seq=1 Ack=43441 Win=80896 Len=0 TSval=2997798432 TSecr=575209342"
"44","0.888942452","10.0.0.3","10.0.0.2","TCP","2962","44120  >  34568 [PSH, ACK] Seq=66609 Ack=1 Win=42496 Len=2896 TSval=575209551 TSecr=2997798256"
"45","0.889587108","10.0.0.2","10.0.0.3","TCP","66","34568  >  44120 [ACK] Seq=1 Ack=46337 Win=86528 Len=0 TSval=2997798445 TSecr=575209454"
"46","0.912533802","10.0.0.3","10.0.0.2","TCP","2962","44120  >  34568 [PSH, ACK] Seq=69505 Ack=1 Win=42496 Len=2896 TSval=575209551 TSecr=2997798256"
"47","0.913409779","10.0.0.2","10.0.0.3","TCP","66","34568  >  44120 [ACK] Seq=1 Ack=49233 Win=92672 Len=0 TSval=2997798468 TSecr=575209454"
"48","0.936792027","10.0.0.3","10.0.0.2","TCP","2962","44120  >  34568 [PSH, ACK] Seq=72401 Ack=1 Win=42496 Len=2896 TSval=575209574 TSecr=2997798279"
"49","0.937126292","10.0.0.2","10.0.0.3","TCP","66","34568  >  44120 [ACK] Seq=1 Ack=52129 Win=98304 Len=0 TSval=2997798492 TSecr=575209478"
"50","0.961011731","10.0.0.3","10.0.0.2","TCP","2962","44120  >  34568 [PSH, ACK] Seq=75297 Ack=1 Win=42496 Len=2896 TSval=575209574 TSecr=2997798279"
"51","0.961563954","10.0.0.2","10.0.0.3","TCP","66","34568  >  44120 [ACK] Seq=1 Ack=55025 Win=103936 Len=0 TSval=2997798517 TSecr=575209478"
"52","0.974772390","10.0.0.3","10.0.0.2","TCP","1514","44120  >  34568 [ACK] Seq=78193 Ack=1 Win=42496 Len=1448 TSval=575209617 TSecr=2997798323"
"53","0.986057941","10.0.0.2","10.0.0.3","TCP","66","34568  >  44120 [ACK] Seq=1 Ack=57921 Win=110080 Len=0 TSval=2997798541 TSecr=575209501"
"54","0.997983047","10.0.0.3","10.0.0.2","TCP","2962","44120  >  34568 [PSH, ACK] Seq=79641 Ack=1 Win=42496 Len=2896 TSval=575209617 TSecr=2997798323"
"55","1.010751131","10.0.0.2","10.0.0.3","TCP","66","34568  >  44120 [ACK] Seq=1 Ack=60817 Win=115712 Len=0 TSval=2997798565 TSecr=575209501"
"56","1.021534381","10.0.0.3","10.0.0.2","TCP","2962","44120  >  34568 [PSH, ACK] Seq=82537 Ack=1 Win=42496 Len=2896 TSval=575209642 TSecr=2997798347"
"57","1.046163863","10.0.0.3","10.0.0.2","TCP","2962","44120  >  34568 [PSH, ACK] Seq=85433 Ack=1 Win=42496 Len=2896 TSval=575209654 TSecr=2997798359"
"58","1.061125188","10.0.0.2","10.0.0.3","TCP","66","34568  >  44120 [ACK] Seq=1 Ack=63713 Win=121344 Len=0 TSval=2997798614 TSecr=575209528"
"59","1.070044713","10.0.0.3","10.0.0.2","TCP","2962","44120  >  34568 [PSH, ACK] Seq=88329 Ack=1 Win=42496 Len=2896 TSval=575209654 TSecr=2997798359"
"60","1.085576125","10.0.0.2","10.0.0.3","TCP","66","34568  >  44120 [ACK] Seq=1 Ack=66609 Win=127488 Len=0 TSval=2997798638 TSecr=575209528"
"61","1.094252265","10.0.0.3","10.0.0.2","TCP","2962","44120  >  34568 [PSH, ACK] Seq=91225 Ack=1 Win=42496 Len=2896 TSval=575209690 TSecr=2997798395"
"62","1.111273463","10.0.0.2","10.0.0.3","TCP","66","34568  >  44120 [ACK] Seq=1 Ack=69505 Win=133120 Len=0 TSval=2997798666 TSecr=575209551"
"63","1.118607322","10.0.0.3","10.0.0.2","TCP","2962","44120  >  34568 [PSH, ACK] Seq=94121 Ack=1 Win=42496 Len=2896 TSval=575209726 TSecr=2997798432"
"64","1.133120039","10.0.0.2","10.0.0.3","TCP","66","34568  >  44120 [ACK] Seq=1 Ack=72401 Win=138752 Len=0 TSval=2997798686 TSecr=575209551"
"65","1.142904531","10.0.0.3","10.0.0.2","TCP","2962","44120  >  34568 [PSH, ACK] Seq=97017 Ack=1 Win=42496 Len=2896 TSval=575209739 TSecr=2997798445"
"66","1.154903245","10.0.0.3","10.0.0.2","TCP","1514","44120  >  34568 [ACK] Seq=99913 Ack=1 Win=42496 Len=1448 TSval=575209763 TSecr=2997798468"
"67","1.155891303","10.0.0.2","10.0.0.3","TCP","66","34568  >  44120 [ACK] Seq=1 Ack=75297 Win=144896 Len=0 TSval=2997798711 TSecr=575209574"
"68","1.179114168","10.0.0.3","10.0.0.2","TCP","2962","44120  >  34568 [PSH, ACK] Seq=101361 Ack=1 Win=42496 Len=2896 TSval=575209787 TSecr=2997798492"
"69","1.203333917","10.0.0.3","10.0.0.2","TCP","2962","44120  >  34568 [PSH, ACK] Seq=104257 Ack=1 Win=42496 Len=2896 TSval=575209811 TSecr=2997798517"
"70","1.216484687","10.0.0.2","10.0.0.3","TCP","66","34568  >  44120 [ACK] Seq=1 Ack=78193 Win=150528 Len=0 TSval=2997798771 TSecr=575209574"
"71","1.227624865","10.0.0.3","10.0.0.2","TCP","2962","44120  >  34568 [PSH, ACK] Seq=107153 Ack=1 Win=42496 Len=2896 TSval=575209836 TSecr=2997798541"
"72","1.240416772","10.0.0.2","10.0.0.3","TCP","66","34568  >  44120 [ACK] Seq=1 Ack=79641 Win=153600 Len=0 TSval=2997798796 TSecr=575209617"
"73","1.251720617","10.0.0.3","10.0.0.2","TCP","2962","44120  >  34568 [PSH, ACK] Seq=110049 Ack=1 Win=42496 Len=2896 TSval=575209860 TSecr=2997798565"
"74","1.252272840","10.0.0.2","10.0.0.3","TCP","66","34568  >  44120 [ACK] Seq=1 Ack=82537 Win=156160 Len=0 TSval=2997798807 TSecr=575209617"
"75","1.263822735","10.0.0.3","10.0.0.2","TCP","1514","44120  >  34568 [ACK] Seq=112945 Ack=1 Win=42496 Len=1448 TSval=575209865 TSecr=2997798565"
"76","1.276664531","10.0.0.2","10.0.0.3","TCP","66","34568  >  44120 [ACK] Seq=1 Ack=85433 Win=156160 Len=0 TSval=2997798832 TSecr=575209642"
"77","1.288180578","10.0.0.3","10.0.0.2","TCP","2962","44120  >  34568 [PSH, ACK] Seq=114393 Ack=1 Win=42496 Len=2896 TSval=575209911 TSecr=2997798614"
"78","1.301110618","10.0.0.2","10.0.0.3","TCP","66","34568  >  44120 [ACK] Seq=1 Ack=88329 Win=156160 Len=0 TSval=2997798856 TSecr=575209654"
"79","1.312370856","10.0.0.3","10.0.0.2","TCP","2962","44120  >  34568 [PSH, ACK] Seq=117289 Ack=1 Win=42496 Len=2896 TSval=575209935 TSecr=2997798638"
"80","1.325516787","10.0.0.2","10.0.0.3","TCP","66","34568  >  44120 [ACK] Seq=1 Ack=91225 Win=156160 Len=0 TSval=2997798880 TSecr=575209654"
"81","1.336498659","10.0.0.3","10.0.0.2","TCP","2962","44120  >  34568 [PSH, ACK] Seq=120185 Ack=1 Win=42496 Len=2896 TSval=575209961 TSecr=2997798666"
"82","1.349227047","10.0.0.2","10.0.0.3","TCP","66","34568  >  44120 [ACK] Seq=1 Ack=94121 Win=156160 Len=0 TSval=2997798904 TSecr=575209690"
"83","1.360958552","10.0.0.3","10.0.0.2","TCP","2962","44120  >  34568 [PSH, ACK] Seq=123081 Ack=1 Win=42496 Len=2896 TSval=575209983 TSecr=2997798686"
"84","1.385447620","10.0.0.3","10.0.0.2","TCP","2962","44120  >  34568 [PSH, ACK] Seq=125977 Ack=1 Win=42496 Len=2896 TSval=575210005 TSecr=2997798711"
"85","1.397792394","10.0.0.2","10.0.0.3","TCP","66","34568  >  44120 [ACK] Seq=1 Ack=97017 Win=156160 Len=0 TSval=2997798953 TSecr=575209726"
"86","1.409236703","10.0.0.3","10.0.0.2","TCP","2962","44120  >  34568 [PSH, ACK] Seq=128873 Ack=1 Win=42496 Len=2896 TSval=575210066 TSecr=2997798771"
"87","1.422849255","10.0.0.2","10.0.0.3","TCP","66","34568  >  44120 [ACK] Seq=1 Ack=99913 Win=156160 Len=0 TSval=2997798977 TSecr=575209739"
"88","1.433423054","10.0.0.3","10.0.0.2","TCP","2962","44120  >  34568 [PSH, ACK] Seq=131769 Ack=1 Win=42496 Len=2896 TSval=575210090 TSecr=2997798796"
"89","1.447320922","10.0.0.2","10.0.0.3","TCP","66","34568  >  44120 [ACK] Seq=1 Ack=101361 Win=157184 Len=0 TSval=2997799002 TSecr=575209763"
"90","1.457661323","10.0.0.3","10.0.0.2","TCP","2962","44120  >  34568 [PSH, ACK] Seq=134665 Ack=1 Win=42496 Len=2896 TSval=575210102 TSecr=2997798807"
"91","1.457838725","10.0.0.2","10.0.0.3","TCP","66","34568  >  44120 [ACK] Seq=1 Ack=104257 Win=157184 Len=0 TSval=2997799013 TSecr=575209787"
"92","1.469943965","10.0.0.3","10.0.0.2","TCP","1514","44120  >  34568 [ACK] Seq=137561 Ack=1 Win=42496 Len=1448 TSval=575210126 TSecr=2997798832"
"93","1.483169904","10.0.0.2","10.0.0.3","TCP","66","34568  >  44120 [ACK] Seq=1 Ack=107153 Win=157184 Len=0 TSval=2997799037 TSecr=575209811"
"94","1.493956139","10.0.0.3","10.0.0.2","TCP","2962","44120  >  34568 [PSH, ACK] Seq=139009 Ack=1 Win=42496 Len=2896 TSval=575210151 TSecr=2997798856"
"95","1.508097442","10.0.0.2","10.0.0.3","TCP","66","34568  >  44120 [ACK] Seq=1 Ack=110049 Win=157184 Len=0 TSval=2997799062 TSecr=575209836"
"96","1.525890968","10.0.0.3","10.0.0.2","TCP","2962","44120  >  34568 [PSH, ACK] Seq=141905 Ack=1 Win=42496 Len=2896 TSval=575210175 TSecr=2997798880"
"97","1.530911515","10.0.0.2","10.0.0.3","TCP","66","34568  >  44120 [ACK] Seq=1 Ack=112945 Win=157184 Len=0 TSval=2997799086 TSecr=575209860"
"98","1.542848554","10.0.0.3","10.0.0.2","TCP","2962","44120  >  34568 [PSH, ACK] Seq=144801 Ack=1 Win=42496 Len=2896 TSval=575210199 TSecr=2997798904"
"99","1.566674472","10.0.0.3","10.0.0.2","TCP","2962","44120  >  34568 [PSH, ACK] Seq=147697 Ack=1 Win=42496 Len=2896 TSval=575210247 TSecr=2997798953"
"100","1.591145146","10.0.0.3","10.0.0.2","TCP","2962","44120  >  34568 [PSH, ACK] Seq=150593 Ack=1 Win=42496 Len=2896 TSval=575210247 TSecr=2997798953"
"101","1.593017036","10.0.0.2","10.0.0.3","TCP","66","34568  >  44120 [ACK] Seq=1 Ack=117289 Win=157184 Len=0 TSval=2997799147 TSecr=575209865"
"102","1.615070228","10.0.0.3","10.0.0.2","TCP","2962","44120  >  34568 [PSH, ACK] Seq=153489 Ack=1 Win=42496 Len=2896 TSval=575210272 TSecr=2997798977"
"103","1.616134298","10.0.0.2","10.0.0.3","TCP","66","34568  >  44120 [ACK] Seq=1 Ack=120185 Win=157184 Len=0 TSval=2997799171 TSecr=575209935"
"104","1.627311937","10.0.0.3","10.0.0.2","TCP","1514","44120  >  34568 [ACK] Seq=156385 Ack=1 Win=42496 Len=1448 TSval=575210297 TSecr=2997799002"
"105","1.651579239","10.0.0.3","10.0.0.2","TCP","2962","44120  >  34568 [PSH, ACK] Seq=157833 Ack=1 Win=42496 Len=2896 TSval=575210307 TSecr=2997799013"
"106","1.666277168","10.0.0.2","10.0.0.3","TCP","66","34568  >  44120 [ACK] Seq=1 Ack=123081 Win=157184 Len=0 TSval=2997799219 TSecr=575209961"
"107","1.675586096","10.0.0.3","10.0.0.2","TCP","2962","44120  >  34568 [PSH, ACK] Seq=160729 Ack=1 Win=42496 Len=2896 TSval=575210333 TSecr=2997799037"
"108","1.688828827","10.0.0.2","10.0.0.3","TCP","66","34568  >  44120 [ACK] Seq=1 Ack=125977 Win=157184 Len=0 TSval=2997799244 TSecr=575209983"
"109","1.700127261","10.0.0.3","10.0.0.2","TCP","2962","44120  >  34568 [PSH, ACK] Seq=163625 Ack=1 Win=42496 Len=2896 TSval=575210358 TSecr=2997799062"
"110","1.716594985","10.0.0.2","10.0.0.3","TCP","66","34568  >  44120 [ACK] Seq=1 Ack=128873 Win=157184 Len=0 TSval=2997799268 TSecr=575210005"
"111","1.724216957","10.0.0.3","10.0.0.2","TCP","2962","44120  >  34568 [PSH, ACK] Seq=166521 Ack=1 Win=42496 Len=2896 TSval=575210381 TSecr=2997799086"
"112","1.736469851","10.0.0.2","10.0.0.3","TCP","66","34568  >  44120 [ACK] Seq=1 Ack=131769 Win=157184 Len=0 TSval=2997799292 TSecr=575210066"
"113","1.748288484","10.0.0.3","10.0.0.2","TCP","2962","44120  >  34568 [PSH, ACK] Seq=169417 Ack=1 Win=42496 Len=2896 TSval=575210443 TSecr=2997799147"
"114","1.762910440","10.0.0.2","10.0.0.3","TCP","66","34568  >  44120 [ACK] Seq=1 Ack=134665 Win=162816 Len=0 TSval=2997799316 TSecr=575210090"
"115","1.772514865","10.0.0.3","10.0.0.2","TCP","2962","44120  >  34568 [PSH, ACK] Seq=172313 Ack=1 Win=42496 Len=2896 TSval=575210466 TSecr=2997799171"
"116","1.784645326","10.0.0.3","10.0.0.2","TCP","1514","44120  >  34568 [ACK] Seq=175209 Ack=1 Win=42496 Len=1448 TSval=575210466 TSecr=2997799171"
"117","1.797609796","10.0.0.2","10.0.0.3","TCP","66","34568  >  44120 [ACK] Seq=1 Ack=137561 Win=168448 Len=0 TSval=2997799353 TSecr=575210102"
"118","1.809036731","10.0.0.3","10.0.0.2","TCP","2962","44120  >  34568 [PSH, ACK] Seq=176657 Ack=1 Win=42496 Len=2896 TSval=575210516 TSecr=2997799219"
"119","1.821694372","10.0.0.2","10.0.0.3","TCP","66","34568  >  44120 [ACK] Seq=1 Ack=139009 Win=171520 Len=0 TSval=2997799377 TSecr=575210126"
"120","1.833152140","10.0.0.3","10.0.0.2","TCP","2962","44120  >  34568 [PSH, ACK] Seq=179553 Ack=1 Win=42496 Len=2896 TSval=575210538 TSecr=2997799244"
"121","1.835012751","10.0.0.2","10.0.0.3","TCP","66","34568  >  44120 [ACK] Seq=1 Ack=141905 Win=177152 Len=0 TSval=2997799390 TSecr=575210151"
"122","1.857443879","10.0.0.3","10.0.0.2","TCP","2962","44120  >  34568 [PSH, ACK] Seq=182449 Ack=1 Win=42496 Len=2896 TSval=575210566 TSecr=2997799268"
"123","1.857724494","10.0.0.2","10.0.0.3","TCP","66","34568  >  44120 [ACK] Seq=1 Ack=144801 Win=183296 Len=0 TSval=2997799413 TSecr=575210175"
"124","1.881523862","10.0.0.3","10.0.0.2","TCP","2962","44120  >  34568 [PSH, ACK] Seq=185345 Ack=1 Win=42496 Len=2896 TSval=575210586 TSecr=2997799292"
"125","1.882526748","10.0.0.2","10.0.0.3","TCP","66","34568  >  44120 [ACK] Seq=1 Ack=147697 Win=188928 Len=0 TSval=2997799437 TSecr=575210199"
"126","1.905704753","10.0.0.3","10.0.0.2","TCP","2962","44120  >  34568 [PSH, ACK] Seq=188241 Ack=1 Win=42496 Len=2896 TSval=575210612 TSecr=2997799316"
"127","1.906151028","10.0.0.2","10.0.0.3","TCP","66","34568  >  44120 [ACK] Seq=1 Ack=150593 Win=194560 Len=0 TSval=2997799462 TSecr=575210247"
"128","1.931058158","10.0.0.3","10.0.0.2","TCP","2962","44120  >  34568 [PSH, ACK] Seq=191137 Ack=1 Win=42496 Len=2896 TSval=575210647 TSecr=2997799353"
"129","1.931062947","10.0.0.2","10.0.0.3","TCP","66","34568  >  44120 [ACK] Seq=1 Ack=153489 Win=200704 Len=0 TSval=2997799486 TSecr=575210247"
"130","1.954216226","10.0.0.3","10.0.0.2","TCP","2962","44120  >  34568 [PSH, ACK] Seq=194033 Ack=1 Win=42496 Len=2896 TSval=575210671 TSecr=2997799377"
"131","1.954535353","10.0.0.2","10.0.0.3","TCP","66","34568  >  44120 [ACK] Seq=1 Ack=156385 Win=206336 Len=0 TSval=2997799510 TSecr=575210272"
"132","1.978444666","10.0.0.3","10.0.0.2","TCP","2962","44120  >  34568 [PSH, ACK] Seq=196929 Ack=1 Win=42496 Len=2896 TSval=575210685 TSecr=2997799390"
"133","1.979284818","10.0.0.2","10.0.0.3","TCP","66","34568  >  44120 [ACK] Seq=1 Ack=157833 Win=209408 Len=0 TSval=2997799534 TSecr=575210297"
"134","2.002846000","10.0.0.3","10.0.0.2","TCP","2962","44120  >  34568 [PSH, ACK] Seq=199825 Ack=1 Win=42496 Len=2896 TSval=575210707 TSecr=2997799413"
"135","2.017032387","10.0.0.2","10.0.0.3","TCP","66","34568  >  44120 [ACK] Seq=1 Ack=160729 Win=215040 Len=0 TSval=2997799572 TSecr=575210307"
"136","2.026919351","10.0.0.3","10.0.0.2","TCP","2962","44120  >  34568 [PSH, ACK] Seq=202721 Ack=1 Win=42496 Len=2896 TSval=575210732 TSecr=2997799437"
"137","2.041599621","10.0.0.2","10.0.0.3","TCP","66","34568  >  44120 [ACK] Seq=1 Ack=163625 Win=220672 Len=0 TSval=2997799595 TSecr=575210333"
"138","2.051115931","10.0.0.3","10.0.0.2","TCP","2962","44120  >  34568 [PSH, ACK] Seq=205617 Ack=1 Win=42496 Len=2896 TSval=575210756 TSecr=2997799462"
"139","2.063464349","10.0.0.2","10.0.0.3","TCP","66","34568  >  44120 [ACK] Seq=1 Ack=166521 Win=226304 Len=0 TSval=2997799619 TSecr=575210358"
"140","2.075283858","10.0.0.3","10.0.0.2","TCP","2962","44120  >  34568 [PSH, ACK] Seq=208513 Ack=1 Win=42496 Len=2896 TSval=575210781 TSecr=2997799486"
"141","2.092072782","10.0.0.2","10.0.0.3","TCP","66","34568  >  44120 [ACK] Seq=1 Ack=169417 Win=232448 Len=0 TSval=2997799643 TSecr=575210381"
"142","2.099589422","10.0.0.3","10.0.0.2","TCP","2962","44120  >  34568 [PSH, ACK] Seq=211409 Ack=1 Win=42496 Len=2896 TSval=575210804 TSecr=2997799510"
"143","2.112102012","10.0.0.3","10.0.0.2","TCP","1514","44120  >  34568 [ACK] Seq=214305 Ack=1 Win=42496 Len=1448 TSval=575210804 TSecr=2997799510"
"144","2.123776349","10.0.0.3","10.0.0.2","TCP","1514","44120  >  34568 [ACK] Seq=215753 Ack=1 Win=42496 Len=1448 TSval=575210829 TSecr=2997799534"
"145","2.142602049","10.0.0.2","10.0.0.3","TCP","66","34568  >  44120 [ACK] Seq=1 Ack=172313 Win=238080 Len=0 TSval=2997799697 TSecr=575210443"
"146","2.148123617","10.0.0.3","10.0.0.2","TCP","2962","44120  >  34568 [PSH, ACK] Seq=217201 Ack=1 Win=42496 Len=2896 TSval=575210867 TSecr=2997799572"
"147","2.163482698","10.0.0.2","10.0.0.3","TCP","66","34568  >  44120 [ACK] Seq=1 Ack=175209 Win=243712 Len=0 TSval=2997799716 TSecr=575210466"
"148","2.172282317","10.0.0.3","10.0.0.2","TCP","2962","44120  >  34568 [PSH, ACK] Seq=220097 Ack=1 Win=42496 Len=2896 TSval=575210891 TSecr=2997799595"
"149","2.184575492","10.0.0.2","10.0.0.3","TCP","66","34568  >  44120 [ACK] Seq=1 Ack=176657 Win=246784 Len=0 TSval=2997799740 TSecr=575210466"
"150","2.200306628","10.0.0.3","10.0.0.2","TCP","2962","44120  >  34568 [PSH, ACK] Seq=222993 Ack=1 Win=42496 Len=2896 TSval=575210913 TSecr=2997799619"
"151","2.200313852","10.0.0.2","10.0.0.3","TCP","66","34568  >  44120 [ACK] Seq=1 Ack=179553 Win=252416 Len=0 TSval=2997799752 TSecr=575210516"
"152","2.220674597","10.0.0.3","10.0.0.2","TCP","2962","44120  >  34568 [PSH, ACK] Seq=225889 Ack=1 Win=42496 Len=2896 TSval=575210942 TSecr=2997799643"
"153","2.222404703","10.0.0.2","10.0.0.3","TCP","66","34568  >  44120 [ACK] Seq=1 Ack=182449 Win=258560 Len=0 TSval=2997799777 TSecr=575210538"
"154","2.244949615","10.0.0.3","10.0.0.2","TCP","2962","44120  >  34568 [PSH, ACK] Seq=228785 Ack=1 Win=42496 Len=2896 TSval=575210992 TSecr=2997799697"
"155","2.246214451","10.0.0.2","10.0.0.3","TCP","66","34568  >  44120 [ACK] Seq=1 Ack=185345 Win=264192 Len=0 TSval=2997799801 TSecr=575210566"
"156","2.269396748","10.0.0.3","10.0.0.2","TCP","2962","44120  >  34568 [PSH, ACK] Seq=231681 Ack=1 Win=42496 Len=2896 TSval=575211013 TSecr=2997799716"
"157","2.269532672","10.0.0.2","10.0.0.3","TCP","66","34568  >  44120 [ACK] Seq=1 Ack=188241 Win=269824 Len=0 TSval=2997799825 TSecr=575210586"
"158","2.281274953","10.0.0.3","10.0.0.2","TCP","1514","44120  >  34568 [ACK] Seq=234577 Ack=1 Win=42496 Len=1448 TSval=575211034 TSecr=2997799740"
"159","2.293935986","10.0.0.2","10.0.0.3","TCP","66","34568  >  44120 [ACK] Seq=1 Ack=191137 Win=275968 Len=0 TSval=2997799849 TSecr=575210612"
"160","2.305712930","10.0.0.3","10.0.0.2","TCP","2962","44120  >  34568 [PSH, ACK] Seq=236025 Ack=1 Win=42496 Len=2896 TSval=575211050 TSecr=2997799752"
"161","2.318003249","10.0.0.2","10.0.0.3","TCP","66","34568  >  44120 [ACK] Seq=1 Ack=194033 Win=276992 Len=0 TSval=2997799873 TSecr=575210647"
"162","2.330044259","10.0.0.3","10.0.0.2","TCP","2962","44120  >  34568 [PSH, ACK] Seq=238921 Ack=1 Win=42496 Len=2896 TSval=575211072 TSecr=2997799777"
"163","2.342225032","10.0.0.2","10.0.0.3","TCP","66","34568  >  44120 [ACK] Seq=1 Ack=196929 Win=276992 Len=0 TSval=2997799897 TSecr=575210671"
"164","2.353949673","10.0.0.3","10.0.0.2","TCP","2962","44120  >  34568 [PSH, ACK] Seq=241817 Ack=1 Win=42496 Len=2896 TSval=575211096 TSecr=2997799801"
"165","2.367486590","10.0.0.2","10.0.0.3","TCP","66","34568  >  44120 [ACK] Seq=1 Ack=199825 Win=276992 Len=0 TSval=2997799922 TSecr=575210685"
"166","2.378183319","10.0.0.3","10.0.0.2","TCP","2962","44120  >  34568 [PSH, ACK] Seq=244713 Ack=1 Win=42496 Len=2896 TSval=575211119 TSecr=2997799825"
"167","2.402468381","10.0.0.3","10.0.0.2","TCP","2962","44120  >  34568 [PSH, ACK] Seq=247609 Ack=1 Win=42496 Len=2896 TSval=575211143 TSecr=2997799849"
"168","2.414663431","10.0.0.2","10.0.0.3","TCP","66","34568  >  44120 [ACK] Seq=1 Ack=202721 Win=276992 Len=0 TSval=2997799970 TSecr=575210707"
"169","2.427267979","10.0.0.3","10.0.0.2","TCP","2962","44120  >  34568 [PSH, ACK] Seq=250505 Ack=1 Win=42496 Len=2896 TSval=575211168 TSecr=2997799873"
"170","2.440584763","10.0.0.2","10.0.0.3","TCP","66","34568  >  44120 [ACK] Seq=1 Ack=205617 Win=276992 Len=0 TSval=2997799995 TSecr=575210732"
"171","2.451354944","10.0.0.3","10.0.0.2","TCP","2962","44120  >  34568 [PSH, ACK] Seq=253401 Ack=1 Win=42496 Len=2896 TSval=575211192 TSecr=2997799897"
"172","2.465123729","10.0.0.2","10.0.0.3","TCP","66","34568  >  44120 [ACK] Seq=1 Ack=208513 Win=276992 Len=0 TSval=2997800019 TSecr=575210756"
"173","2.475411583","10.0.0.3","10.0.0.2","TCP","2962","44120  >  34568 [PSH, ACK] Seq=256297 Ack=1 Win=42496 Len=2896 TSval=575211217 TSecr=2997799922"
"174","2.499287452","10.0.0.3","10.0.0.2","TCP","2962","44120  >  34568 [PSH, ACK] Seq=259193 Ack=1 Win=42496 Len=2896 TSval=575211264 TSecr=2997799970"
"175","2.513105290","10.0.0.2","10.0.0.3","TCP","66","34568  >  44120 [ACK] Seq=1 Ack=211409 Win=276992 Len=0 TSval=2997800068 TSecr=575210781"
"176","2.523548095","10.0.0.3","10.0.0.2","TCP","2962","44120  >  34568 [PSH, ACK] Seq=262089 Ack=1 Win=42496 Len=2896 TSval=575211290 TSecr=2997799995"
"177","2.536198347","10.0.0.2","10.0.0.3","TCP","66","34568  >  44120 [ACK] Seq=1 Ack=214305 Win=276992 Len=0 TSval=2997800091 TSecr=575210804"
"178","2.553895791","10.0.0.3","10.0.0.2","TCP","2962","44120  >  34568 [PSH, ACK] Seq=264985 Ack=1 Win=42496 Len=2896 TSval=575211315 TSecr=2997800019"
"179","2.561441355","10.0.0.2","10.0.0.3","TCP","66","34568  >  44120 [ACK] Seq=1 Ack=215753 Win=278016 Len=0 TSval=2997800116 TSecr=575210804"
"180","2.585316614","10.0.0.2","10.0.0.3","TCP","66","34568  >  44120 [ACK] Seq=1 Ack=220097 Win=278016 Len=0 TSval=2997800140 TSecr=575210829"
"181","2.587833763","10.0.0.3","10.0.0.2","TCP","2962","44120  >  34568 [PSH, ACK] Seq=267881 Ack=1 Win=42496 Len=2896 TSval=575211363 TSecr=2997800068"
"182","2.611740993","10.0.0.3","10.0.0.2","TCP","2962","44120  >  34568 [PSH, ACK] Seq=270777 Ack=1 Win=42496 Len=2896 TSval=575211386 TSecr=2997800091"
"183","2.611738849","10.0.0.2","10.0.0.3","TCP","66","34568  >  44120 [ACK] Seq=1 Ack=222993 Win=278016 Len=0 TSval=2997800164 TSecr=575210891"
"184","2.636211640","10.0.0.3","10.0.0.2","TCP","2962","44120  >  34568 [PSH, ACK] Seq=273673 Ack=1 Win=42496 Len=2896 TSval=575211386 TSecr=2997800091"
"185","2.648519167","10.0.0.3","10.0.0.2","TCP","1514","44120  >  34568 [ACK] Seq=276569 Ack=1 Win=42496 Len=1448 TSval=575211411 TSecr=2997800116"
"186","2.657917387","10.0.0.2","10.0.0.3","TCP","66","34568  >  44120 [ACK] Seq=1 Ack=225889 Win=278016 Len=0 TSval=2997800213 TSecr=575210913"
"187","2.672231352","10.0.0.3","10.0.0.2","TCP","2962","44120  >  34568 [PSH, ACK] Seq=278017 Ack=1 Win=42496 Len=2896 TSval=575211435 TSecr=2997800140"
"188","2.681505980","10.0.0.2","10.0.0.3","TCP","66","34568  >  44120 [ACK] Seq=1 Ack=228785 Win=278016 Len=0 TSval=2997800237 TSecr=575210942"
"189","2.701433246","10.0.0.3","10.0.0.2","TCP","2962","44120  >  34568 [PSH, ACK] Seq=280913 Ack=1 Win=42496 Len=2896 TSval=575211461 TSecr=2997800164"
"190","2.705697052","10.0.0.2","10.0.0.3","TCP","66","34568  >  44120 [ACK] Seq=1 Ack=231681 Win=278016 Len=0 TSval=2997800261 TSecr=575210992"
"191","2.730620702","10.0.0.2","10.0.0.3","TCP","66","34568  >  44120 [ACK] Seq=1 Ack=234577 Win=278016 Len=0 TSval=2997800285 TSecr=575211013"
"192","2.732480731","10.0.0.3","10.0.0.2","TCP","2962","44120  >  34568 [PSH, ACK] Seq=283809 Ack=1 Win=42496 Len=2896 TSval=575211507 TSecr=2997800213"
"193","2.756675399","10.0.0.3","10.0.0.2","TCP","2962","44120  >  34568 [PSH, ACK] Seq=286705 Ack=1 Win=42496 Len=2896 TSval=575211531 TSecr=2997800237"
"194","2.766915212","10.0.0.2","10.0.0.3","TCP","66","34568  >  44120 [ACK] Seq=1 Ack=238921 Win=278016 Len=0 TSval=2997800321 TSecr=575211034"
"195","2.781113545","10.0.0.3","10.0.0.2","TCP","2962","44120  >  34568 [PSH, ACK] Seq=289601 Ack=1 Win=42496 Len=2896 TSval=575211555 TSecr=2997800261"
"196","2.791350570","10.0.0.2","10.0.0.3","TCP","66","34568  >  44120 [ACK] Seq=1 Ack=241817 Win=278016 Len=0 TSval=2997800346 TSecr=575211072"
"197","2.805273743","10.0.0.3","10.0.0.2","TCP","2962","44120  >  34568 [PSH, ACK] Seq=292497 Ack=1 Win=42496 Len=2896 TSval=575211580 TSecr=2997800285"
"198","2.814755794","10.0.0.2","10.0.0.3","TCP","66","34568  >  44120 [ACK] Seq=1 Ack=244713 Win=278016 Len=0 TSval=2997800370 TSecr=575211096"
"199","2.838972070","10.0.0.2","10.0.0.3","TCP","66","34568  >  44120 [ACK] Seq=1 Ack=247609 Win=278016 Len=0 TSval=2997800394 TSecr=575211119"
"200","2.841840223","10.0.0.3","10.0.0.2","TCP","2962","44120  >  34568 [PSH, ACK] Seq=295393 Ack=1 Win=42496 Len=2896 TSval=575211617 TSecr=2997800321"
"201","2.863359235","10.0.0.2","10.0.0.3","TCP","66","34568  >  44120 [ACK] Seq=1 Ack=250505 Win=278016 Len=0 TSval=2997800419 TSecr=575211143"
"202","2.866042244","10.0.0.3","10.0.0.2","TCP","2962","44120  >  34568 [PSH, ACK] Seq=298289 Ack=1 Win=42496 Len=2896 TSval=575211617 TSecr=2997800321"
"203","2.888600574","10.0.0.2","10.0.0.3","TCP","66","34568  >  44120 [ACK] Seq=1 Ack=253401 Win=278016 Len=0 TSval=2997800443 TSecr=575211168"
"204","2.890012856","10.0.0.3","10.0.0.2","TCP","2962","44120  >  34568 [PSH, ACK] Seq=301185 Ack=1 Win=42496 Len=2896 TSval=575211641 TSecr=2997800346"
"205","2.912026469","10.0.0.2","10.0.0.3","TCP","66","34568  >  44120 [ACK] Seq=1 Ack=256297 Win=278016 Len=0 TSval=2997800467 TSecr=575211192"
"206","2.915074545","10.0.0.3","10.0.0.2","TCP","2962","44120  >  34568 [PSH, ACK] Seq=304081 Ack=1 Win=42496 Len=2896 TSval=575211664 TSecr=2997800370"
"207","2.938611457","10.0.0.3","10.0.0.2","TCP","2962","44120  >  34568 [PSH, ACK] Seq=306977 Ack=1 Win=42496 Len=2896 TSval=575211688 TSecr=2997800394"
"208","2.960180959","10.0.0.2","10.0.0.3","TCP","66","34568  >  44120 [ACK] Seq=1 Ack=259193 Win=278016 Len=0 TSval=2997800515 TSecr=575211217"
"209","2.962736940","10.0.0.3","10.0.0.2","TCP","2962","44120  >  34568 [PSH, ACK] Seq=309873 Ack=1 Win=42496 Len=2896 TSval=575211713 TSecr=2997800419"
"210","2.984340364","10.0.0.2","10.0.0.3","TCP","66","34568  >  44120 [ACK] Seq=1 Ack=262089 Win=278016 Len=0 TSval=2997800540 TSecr=575211264"
"211","2.987196512","10.0.0.3","10.0.0.2","TCP","2962","44120  >  34568 [PSH, ACK] Seq=312769 Ack=1 Win=42496 Len=2896 TSval=575211738 TSecr=2997800443"
"212","3.008771921","10.0.0.2","10.0.0.3","TCP","66","34568  >  44120 [ACK] Seq=1 Ack=264985 Win=278016 Len=0 TSval=2997800564 TSecr=575211290"
"213","3.011214484","10.0.0.3","10.0.0.2","TCP","2962","44120  >  34568 [PSH, ACK] Seq=315665 Ack=1 Win=42496 Len=2896 TSval=575211762 TSecr=2997800467"
"214","3.032446989","10.0.0.2","10.0.0.3","TCP","66","34568  >  44120 [ACK] Seq=1 Ack=267881 Win=278016 Len=0 TSval=2997800588 TSecr=575211315"
"215","3.035459289","10.0.0.3","10.0.0.2","TCP","2962","44120  >  34568 [PSH, ACK] Seq=318561 Ack=1 Win=42496 Len=2896 TSval=575211810 TSecr=2997800515"
"216","3.059677059","10.0.0.3","10.0.0.2","TCP","2962","44120  >  34568 [PSH, ACK] Seq=321457 Ack=1 Win=42496 Len=2896 TSval=575211834 TSecr=2997800540"
"217","3.082485559","10.0.0.2","10.0.0.3","TCP","66","34568  >  44120 [ACK] Seq=1 Ack=270777 Win=278016 Len=0 TSval=2997800637 TSecr=575211363"
"218","3.088031633","10.0.0.3","10.0.0.2","TCP","2962","44120  >  34568 [PSH, ACK] Seq=324353 Ack=1 Win=42496 Len=2896 TSval=575211858 TSecr=2997800564"
"219","3.106648676","10.0.0.2","10.0.0.3","TCP","66","34568  >  44120 [ACK] Seq=1 Ack=273673 Win=278016 Len=0 TSval=2997800661 TSecr=575211386"
"220","3.108202633","10.0.0.3","10.0.0.2","TCP","2962","44120  >  34568 [PSH, ACK] Seq=327249 Ack=1 Win=42496 Len=2896 TSval=575211882 TSecr=2997800588"
"221","3.129978967","10.0.0.2","10.0.0.3","TCP","66","34568  >  44120 [ACK] Seq=1 Ack=276569 Win=278016 Len=0 TSval=2997800685 TSecr=575211386"
"222","3.156751266","10.0.0.3","10.0.0.2","TCP","2962","44120  >  34568 [PSH, ACK] Seq=330145 Ack=1 Win=42496 Len=2896 TSval=575211932 TSecr=2997800637"
"223","3.172661967","10.0.0.2","10.0.0.3","TCP","66","34568  >  44120 [ACK] Seq=1 Ack=280913 Win=278016 Len=0 TSval=2997800728 TSecr=575211411"
"224","3.181136800","10.0.0.3","10.0.0.2","TCP","2962","44120  >  34568 [PSH, ACK] Seq=333041 Ack=1 Win=42496 Len=2896 TSval=575211932 TSecr=2997800637"
"225","3.195855812","10.0.0.2","10.0.0.3","TCP","66","34568  >  44120 [ACK] Seq=1 Ack=283809 Win=278016 Len=0 TSval=2997800745 TSecr=575211461"
"226","3.206073996","10.0.0.3","10.0.0.2","TCP","2962","44120  >  34568 [PSH, ACK] Seq=335937 Ack=1 Win=42496 Len=2896 TSval=575211956 TSecr=2997800661"
"227","3.229825874","10.0.0.3","10.0.0.2","TCP","2962","44120  >  34568 [PSH, ACK] Seq=338833 Ack=1 Win=42496 Len=2896 TSval=575211980 TSecr=2997800685"
"228","3.239218975","10.0.0.2","10.0.0.3","TCP","66","34568  >  44120 [ACK] Seq=1 Ack=286705 Win=278016 Len=0 TSval=2997800794 TSecr=575211507"
"229","3.254062380","10.0.0.3","10.0.0.2","TCP","2962","44120  >  34568 [PSH, ACK] Seq=341729 Ack=1 Win=42496 Len=2896 TSval=575212022 TSecr=2997800728"
"230","3.263060616","10.0.0.2","10.0.0.3","TCP","66","34568  >  44120 [ACK] Seq=1 Ack=289601 Win=278016 Len=0 TSval=2997800818 TSecr=575211531"
"231","3.265982913","10.0.0.3","10.0.0.2","TCP","1514","44120  >  34568 [ACK] Seq=344625 Ack=1 Win=42496 Len=1448 TSval=575212022 TSecr=2997800728"
"232","3.287011787","10.0.0.2","10.0.0.3","TCP","66","34568  >  44120 [ACK] Seq=1 Ack=292497 Win=278016 Len=0 TSval=2997800842 TSecr=575211555"
"233","3.289982950","10.0.0.3","10.0.0.2","TCP","2962","44120  >  34568 [PSH, ACK] Seq=346073 Ack=1 Win=42496 Len=2896 TSval=575212045 TSecr=2997800745"
"234","3.313941486","10.0.0.2","10.0.0.3","TCP","66","34568  >  44120 [ACK] Seq=1 Ack=295393 Win=278016 Len=0 TSval=2997800868 TSecr=575211580"
"235","3.314249512","10.0.0.3","10.0.0.2","TCP","2962","44120  >  34568 [PSH, ACK] Seq=348969 Ack=1 Win=42496 Len=2896 TSval=575212089 TSecr=2997800794"
"236","3.336569332","10.0.0.2","10.0.0.3","TCP","66","34568  >  44120 [ACK] Seq=1 Ack=298289 Win=278016 Len=0 TSval=2997800891 TSecr=575211617"
"237","3.338525901","10.0.0.3","10.0.0.2","TCP","2962","44120  >  34568 [PSH, ACK] Seq=351865 Ack=1 Win=42496 Len=2896 TSval=575212113 TSecr=2997800818"
"238","3.360676764","10.0.0.2","10.0.0.3","TCP","66","34568  >  44120 [ACK] Seq=1 Ack=301185 Win=278016 Len=0 TSval=2997800915 TSecr=575211617"
"239","3.363127519","10.0.0.3","10.0.0.2","TCP","2962","44120  >  34568 [PSH, ACK] Seq=354761 Ack=1 Win=42496 Len=2896 TSval=575212137 TSecr=2997800842"
"240","3.385176899","10.0.0.2","10.0.0.3","TCP","66","34568  >  44120 [ACK] Seq=1 Ack=304081 Win=278016 Len=0 TSval=2997800940 TSecr=575211641"
"241","3.389144892","10.0.0.3","10.0.0.2","TCP","2962","44120  >  34568 [PSH, ACK] Seq=357657 Ack=1 Win=42496 Len=2896 TSval=575212163 TSecr=2997800868"
"242","3.408293895","10.0.0.2","10.0.0.3","TCP","66","34568  >  44120 [ACK] Seq=1 Ack=306977 Win=278016 Len=0 TSval=2997800963 TSecr=575211664"
"243","3.412462453","10.0.0.3","10.0.0.2","TCP","2962","44120  >  34568 [PSH, ACK] Seq=360553 Ack=1 Win=42496 Len=2896 TSval=575212186 TSecr=2997800891"
"244","3.432906318","10.0.0.2","10.0.0.3","TCP","66","34568  >  44120 [ACK] Seq=1 Ack=309873 Win=278016 Len=0 TSval=2997800988 TSecr=575211688"
"245","3.436736022","10.0.0.3","10.0.0.2","TCP","2962","44120  >  34568 [PSH, ACK] Seq=363449 Ack=1 Win=42496 Len=2896 TSval=575212210 TSecr=2997800915"
"246","3.456508787","10.0.0.2","10.0.0.3","TCP","66","34568  >  44120 [ACK] Seq=1 Ack=312769 Win=278016 Len=0 TSval=2997801012 TSecr=575211713"
"247","3.461416076","10.0.0.3","10.0.0.2","TCP","2962","44120  >  34568 [PSH, ACK] Seq=366345 Ack=1 Win=42496 Len=2896 TSval=575212235 TSecr=2997800940"
"248","3.483088435","10.0.0.2","10.0.0.3","TCP","66","34568  >  44120 [ACK] Seq=1 Ack=315665 Win=278016 Len=0 TSval=2997801037 TSecr=575211738"
"249","3.485463488","10.0.0.3","10.0.0.2","TCP","2962","44120  >  34568 [PSH, ACK] Seq=369241 Ack=1 Win=42496 Len=2896 TSval=575212258 TSecr=2997800963"
"250","3.505182557","10.0.0.2","10.0.0.3","TCP","66","34568  >  44120 [ACK] Seq=1 Ack=318561 Win=278016 Len=0 TSval=2997801060 TSecr=575211762"
"251","3.509485296","10.0.0.3","10.0.0.2","TCP","2962","44120  >  34568 [PSH, ACK] Seq=372137 Ack=1 Win=42496 Len=2896 TSval=575212282 TSecr=2997800988"
"252","3.533612338","10.0.0.3","10.0.0.2","TCP","2962","44120  >  34568 [PSH, ACK] Seq=375033 Ack=1 Win=42496 Len=2896 TSval=575212306 TSecr=2997801012"
"253","3.555137710","10.0.0.2","10.0.0.3","TCP","66","34568  >  44120 [ACK] Seq=1 Ack=321457 Win=278016 Len=0 TSval=2997801109 TSecr=575211810"
"254","3.558977032","10.0.0.3","10.0.0.2","TCP","2962","44120  >  34568 [PSH, ACK] Seq=377929 Ack=1 Win=42496 Len=2896 TSval=575212333 TSecr=2997801037"
"255","3.577743505","10.0.0.2","10.0.0.3","TCP","66","34568  >  44120 [ACK] Seq=1 Ack=324353 Win=278016 Len=0 TSval=2997801133 TSecr=575211834"
"256","3.587736822","10.0.0.3","10.0.0.2","TCP","2962","44120  >  34568 [PSH, ACK] Seq=380825 Ack=1 Win=42496 Len=2896 TSval=575212355 TSecr=2997801060"
"257","3.602197804","10.0.0.2","10.0.0.3","TCP","66","34568  >  44120 [ACK] Seq=1 Ack=327249 Win=278016 Len=0 TSval=2997801157 TSecr=575211858"
"258","3.626996180","10.0.0.2","10.0.0.3","TCP","66","34568  >  44120 [ACK] Seq=1 Ack=330145 Win=278016 Len=0 TSval=2997801181 TSecr=575211882"
"259","3.629472001","10.0.0.3","10.0.0.2","TCP","2962","44120  >  34568 [PSH, ACK] Seq=383721 Ack=1 Win=42496 Len=2896 TSval=575212405 TSecr=2997801109"
"260","3.654328661","10.0.0.3","10.0.0.2","TCP","2962","44120  >  34568 [PSH, ACK] Seq=386617 Ack=1 Win=42496 Len=2896 TSval=575212427 TSecr=2997801133"
"261","3.677555683","10.0.0.2","10.0.0.3","TCP","66","34568  >  44120 [ACK] Seq=1 Ack=333041 Win=278016 Len=0 TSval=2997801230 TSecr=575211932"
"262","3.678244721","10.0.0.3","10.0.0.2","TCP","2962","44120  >  34568 [PSH, ACK] Seq=389513 Ack=1 Win=42496 Len=2896 TSval=575212452 TSecr=2997801157"
"263","3.699019401","10.0.0.2","10.0.0.3","TCP","66","34568  >  44120 [ACK] Seq=1 Ack=335937 Win=278016 Len=0 TSval=2997801254 TSecr=575211932"
"264","3.703181071","10.0.0.3","10.0.0.2","TCP","2962","44120  >  34568 [PSH, ACK] Seq=392409 Ack=1 Win=42496 Len=2896 TSval=575212477 TSecr=2997801181"
"265","3.723587622","10.0.0.2","10.0.0.3","TCP","66","34568  >  44120 [ACK] Seq=1 Ack=338833 Win=278016 Len=0 TSval=2997801278 TSecr=575211956"
"266","3.726473610","10.0.0.3","10.0.0.2","TCP","2962","44120  >  34568 [PSH, ACK] Seq=395305 Ack=1 Win=42496 Len=2896 TSval=575212477 TSecr=2997801181"
"267","3.752576206","10.0.0.3","10.0.0.2","TCP","2962","44120  >  34568 [PSH, ACK] Seq=398201 Ack=1 Win=42496 Len=2896 TSval=575212527 TSecr=2997801230"
"268","3.752572760","10.0.0.2","10.0.0.3","TCP","66","34568  >  44120 [ACK] Seq=1 Ack=341729 Win=278016 Len=0 TSval=2997801302 TSecr=575211980"
"269","3.771334614","10.0.0.2","10.0.0.3","TCP","66","34568  >  44120 [ACK] Seq=1 Ack=344625 Win=278016 Len=0 TSval=2997801327 TSecr=575212022"
"270","3.776205114","10.0.0.3","10.0.0.2","TCP","2962","44120  >  34568 [PSH, ACK] Seq=401097 Ack=1 Win=42496 Len=2896 TSval=575212549 TSecr=2997801254"
"271","3.800464673","10.0.0.3","10.0.0.2","TCP","2962","44120  >  34568 [PSH, ACK] Seq=403993 Ack=1 Win=42496 Len=2896 TSval=575212573 TSecr=2997801278"
"272","3.827179042","10.0.0.3","10.0.0.2","TCP","2962","44120  >  34568 [PSH, ACK] Seq=406889 Ack=1 Win=42496 Len=2896 TSval=575212602 TSecr=2997801302"
"273","3.832642562","10.0.0.2","10.0.0.3","TCP","66","34568  >  44120 [ACK] Seq=1 Ack=348969 Win=276992 Len=0 TSval=2997801387 TSecr=575212022"
"274","3.839444410","10.0.0.3","10.0.0.2","TCP","1514","44120  >  34568 [ACK] Seq=409785 Ack=1 Win=42496 Len=1448 TSval=575212621 TSecr=2997801327"
"275","3.856488897","10.0.0.2","10.0.0.3","TCP","66","34568  >  44120 [ACK] Seq=1 Ack=351865 Win=276992 Len=0 TSval=2997801411 TSecr=575212089"
"276","3.881244584","10.0.0.2","10.0.0.3","TCP","66","34568  >  44120 [ACK] Seq=1 Ack=354761 Win=276992 Len=0 TSval=2997801436 TSecr=575212113"
"277","3.905872466","10.0.0.2","10.0.0.3","TCP","66","34568  >  44120 [ACK] Seq=1 Ack=357657 Win=276992 Len=0 TSval=2997801460 TSecr=575212137"
"278","3.907322619","10.0.0.3","10.0.0.2","TCP","2962","44120  >  34568 [PSH, ACK] Seq=411233 Ack=1 Win=42496 Len=2896 TSval=575212682 TSecr=2997801387"
"279","3.929817165","10.0.0.2","10.0.0.3","TCP","66","34568  >  44120 [ACK] Seq=1 Ack=360553 Win=276992 Len=0 TSval=2997801485 TSecr=575212163"
"280","3.931709160","10.0.0.3","10.0.0.2","TCP","2962","44120  >  34568 [PSH, ACK] Seq=414129 Ack=1 Win=42496 Len=2896 TSval=575212682 TSecr=2997801387"
"281","3.953224896","10.0.0.2","10.0.0.3","TCP","66","34568  >  44120 [ACK] Seq=1 Ack=363449 Win=276992 Len=0 TSval=2997801508 TSecr=575212186"
"282","3.956280725","10.0.0.3","10.0.0.2","TCP","2962","44120  >  34568 [PSH, ACK] Seq=417025 Ack=1 Win=42496 Len=2896 TSval=575212706 TSecr=2997801411"
"283","3.978240159","10.0.0.2","10.0.0.3","TCP","66","34568  >  44120 [ACK] Seq=1 Ack=366345 Win=276992 Len=0 TSval=2997801533 TSecr=575212210"
"284","3.979956463","10.0.0.3","10.0.0.2","TCP","2962","44120  >  34568 [PSH, ACK] Seq=419921 Ack=1 Win=42496 Len=2896 TSval=575212731 TSecr=2997801436"
"285","4.001514063","10.0.0.2","10.0.0.3","TCP","66","34568  >  44120 [ACK] Seq=1 Ack=369241 Win=276992 Len=0 TSval=2997801557 TSecr=575212235"
"286","4.004161699","10.0.0.3","10.0.0.2","TCP","2962","44120  >  34568 [PSH, ACK] Seq=422817 Ack=1 Win=42496 Len=2896 TSval=575212755 TSecr=2997801460"
"287","4.025966461","10.0.0.2","10.0.0.3","TCP","66","34568  >  44120 [ACK] Seq=1 Ack=372137 Win=276992 Len=0 TSval=2997801581 TSecr=575212258"
"288","4.028423421","10.0.0.3","10.0.0.2","TCP","2962","44120  >  34568 [PSH, ACK] Seq=425713 Ack=1 Win=42496 Len=2896 TSval=575212779 TSecr=2997801485"
"289","4.051495450","10.0.0.2","10.0.0.3","TCP","66","34568  >  44120 [ACK] Seq=1 Ack=375033 Win=276992 Len=0 TSval=2997801606 TSecr=575212282"
"290","4.053371744","10.0.0.3","10.0.0.2","TCP","2962","44120  >  34568 [PSH, ACK] Seq=428609 Ack=1 Win=42496 Len=2896 TSval=575212803 TSecr=2997801508"
"291","4.074607025","10.0.0.2","10.0.0.3","TCP","66","34568  >  44120 [ACK] Seq=1 Ack=377929 Win=276992 Len=0 TSval=2997801629 TSecr=575212306"
"292","4.081756670","10.0.0.3","10.0.0.2","TCP","2962","44120  >  34568 [PSH, ACK] Seq=431505 Ack=1 Win=42496 Len=2896 TSval=575212828 TSecr=2997801533"
"293","4.101821371","10.0.0.3","10.0.0.2","TCP","2962","44120  >  34568 [PSH, ACK] Seq=434401 Ack=1 Win=42496 Len=2896 TSval=575212851 TSecr=2997801557"
"294","4.101818315","10.0.0.2","10.0.0.3","TCP","66","34568  >  44120 [ACK] Seq=1 Ack=380825 Win=276992 Len=0 TSval=2997801654 TSecr=575212333"
"295","4.122865425","10.0.0.2","10.0.0.3","TCP","66","34568  >  44120 [ACK] Seq=1 Ack=383721 Win=276992 Len=0 TSval=2997801678 TSecr=575212355"
"296","4.125579120","10.0.0.3","10.0.0.2","TCP","2962","44120  >  34568 [PSH, ACK] Seq=437297 Ack=1 Win=42496 Len=2896 TSval=575212851 TSecr=2997801557"
"297","4.149559386","10.0.0.3","10.0.0.2","TCP","2962","44120  >  34568 [PSH, ACK] Seq=440193 Ack=1 Win=42496 Len=2896 TSval=575212875 TSecr=2997801581"
"298","4.171695262","10.0.0.2","10.0.0.3","TCP","66","34568  >  44120 [ACK] Seq=1 Ack=386617 Win=276992 Len=0 TSval=2997801727 TSecr=575212405"
"299","4.173812683","10.0.0.3","10.0.0.2","TCP","2962","44120  >  34568 [PSH, ACK] Seq=443089 Ack=1 Win=42496 Len=2896 TSval=575212901 TSecr=2997801606"
"300","4.197980700","10.0.0.3","10.0.0.2","TCP","2962","44120  >  34568 [PSH, ACK] Seq=445985 Ack=1 Win=42496 Len=2896 TSval=575212924 TSecr=2997801629"
"301","4.206216846","10.0.0.2","10.0.0.3","TCP","66","34568  >  44120 [ACK] Seq=1 Ack=389513 Win=276992 Len=0 TSval=2997801757 TSecr=575212427"
"302","4.219844607","10.0.0.2","10.0.0.3","TCP","66","34568  >  44120 [ACK] Seq=1 Ack=392409 Win=276992 Len=0 TSval=2997801775 TSecr=575212452"
"303","4.222181128","10.0.0.3","10.0.0.2","TCP","2962","44120  >  34568 [PSH, ACK] Seq=448881 Ack=1 Win=42496 Len=2896 TSval=575212951 TSecr=2997801654"
"304","4.244171532","10.0.0.2","10.0.0.3","TCP","66","34568  >  44120 [ACK] Seq=1 Ack=395305 Win=276992 Len=0 TSval=2997801799 TSecr=575212477"
"305","4.246513051","10.0.0.3","10.0.0.2","TCP","2962","44120  >  34568 [PSH, ACK] Seq=451777 Ack=1 Win=42496 Len=2896 TSval=575212972 TSecr=2997801678"
"306","4.270775065","10.0.0.3","10.0.0.2","TCP","2962","44120  >  34568 [PSH, ACK] Seq=454673 Ack=1 Win=42496 Len=2896 TSval=575213021 TSecr=2997801727"
"307","4.292462376","10.0.0.2","10.0.0.3","TCP","66","34568  >  44120 [ACK] Seq=1 Ack=398201 Win=276992 Len=0 TSval=2997801848 TSecr=575212477"
"308","4.295368007","10.0.0.3","10.0.0.2","TCP","2962","44120  >  34568 [PSH, ACK] Seq=457569 Ack=1 Win=42496 Len=2896 TSval=575213056 TSecr=2997801757"
"309","4.317157735","10.0.0.2","10.0.0.3","TCP","66","34568  >  44120 [ACK] Seq=1 Ack=401097 Win=276992 Len=0 TSval=2997801872 TSecr=575212527"
"310","4.319463292","10.0.0.3","10.0.0.2","TCP","2962","44120  >  34568 [PSH, ACK] Seq=460465 Ack=1 Win=42496 Len=2896 TSval=575213069 TSecr=2997801775"
"311","4.340611881","10.0.0.2","10.0.0.3","TCP","66","34568  >  44120 [ACK] Seq=1 Ack=403993 Win=276992 Len=0 TSval=2997801896 TSecr=575212549"
"312","4.343282432","10.0.0.3","10.0.0.2","TCP","2962","44120  >  34568 [PSH, ACK] Seq=463361 Ack=1 Win=42496 Len=2896 TSval=575213094 TSecr=2997801799"
"313","4.365579122","10.0.0.2","10.0.0.3","TCP","66","34568  >  44120 [ACK] Seq=1 Ack=406889 Win=276992 Len=0 TSval=2997801920 TSecr=575212573"
"314","4.367479281","10.0.0.3","10.0.0.2","TCP","2962","44120  >  34568 [PSH, ACK] Seq=466257 Ack=1 Win=42496 Len=2896 TSval=575213094 TSecr=2997801799"
"315","4.390144823","10.0.0.2","10.0.0.3","TCP","66","34568  >  44120 [ACK] Seq=1 Ack=409785 Win=276992 Len=0 TSval=2997801945 TSecr=575212602"
"316","4.391757896","10.0.0.3","10.0.0.2","TCP","2962","44120  >  34568 [PSH, ACK] Seq=469153 Ack=1 Win=42496 Len=2896 TSval=575213142 TSecr=2997801848"
"317","4.415972208","10.0.0.3","10.0.0.2","TCP","2962","44120  >  34568 [PSH, ACK] Seq=472049 Ack=1 Win=42496 Len=2896 TSval=575213167 TSecr=2997801872"
"318","4.428356684","10.0.0.3","10.0.0.2","TCP","1514","44120  >  34568 [ACK] Seq=474945 Ack=1 Win=42496 Len=1448 TSval=575213190 TSecr=2997801896"
"319","4.450801187","10.0.0.2","10.0.0.3","TCP","66","34568  >  44120 [ACK] Seq=1 Ack=414129 Win=276992 Len=0 TSval=2997802006 TSecr=575212621"
"320","4.453443941","10.0.0.3","10.0.0.2","TCP","2962","44120  >  34568 [PSH, ACK] Seq=476393 Ack=1 Win=42496 Len=2896 TSval=575213190 TSecr=2997801896"
"321","4.474578313","10.0.0.2","10.0.0.3","TCP","66","34568  >  44120 [ACK] Seq=1 Ack=417025 Win=276992 Len=0 TSval=2997802029 TSecr=575212682"
"322","4.476519944","10.0.0.3","10.0.0.2","TCP","2962","44120  >  34568 [PSH, ACK] Seq=479289 Ack=1 Win=42496 Len=2896 TSval=575213215 TSecr=2997801920"
"323","4.498134186","10.0.0.2","10.0.0.3","TCP","66","34568  >  44120 [ACK] Seq=1 Ack=419921 Win=276992 Len=0 TSval=2997802053 TSecr=575212706"
"324","4.500778992","10.0.0.3","10.0.0.2","TCP","2962","44120  >  34568 [PSH, ACK] Seq=482185 Ack=1 Win=42496 Len=2896 TSval=575213240 TSecr=2997801945"
"325","4.524177028","10.0.0.2","10.0.0.3","TCP","66","34568  >  44120 [ACK] Seq=1 Ack=422817 Win=276992 Len=0 TSval=2997802078 TSecr=575212731"
"326","4.525519931","10.0.0.3","10.0.0.2","TCP","2962","44120  >  34568 [PSH, ACK] Seq=485081 Ack=1 Win=42496 Len=2896 TSval=575213300 TSecr=2997802006"
"327","4.548122990","10.0.0.2","10.0.0.3","TCP","66","34568  >  44120 [ACK] Seq=1 Ack=425713 Win=276992 Len=0 TSval=2997802103 TSecr=575212755"
"328","4.550010340","10.0.0.3","10.0.0.2","TCP","2962","44120  >  34568 [PSH, ACK] Seq=487977 Ack=1 Win=42496 Len=2896 TSval=575213300 TSecr=2997802006"
"329","4.571724553","10.0.0.2","10.0.0.3","TCP","66","34568  >  44120 [ACK] Seq=1 Ack=428609 Win=276992 Len=0 TSval=2997802126 TSecr=575212779"
"330","4.573602611","10.0.0.3","10.0.0.2","TCP","2962","44120  >  34568 [PSH, ACK] Seq=490873 Ack=1 Win=42496 Len=2896 TSval=575213324 TSecr=2997802029"
"331","4.594894168","10.0.0.2","10.0.0.3","TCP","66","34568  >  44120 [ACK] Seq=1 Ack=431505 Win=276992 Len=0 TSval=2997802150 TSecr=575212803"
"332","4.598028601","10.0.0.3","10.0.0.2","TCP","2962","44120  >  34568 [PSH, ACK] Seq=493769 Ack=1 Win=42496 Len=2896 TSval=575213348 TSecr=2997802053"
"333","4.619739542","10.0.0.2","10.0.0.3","TCP","66","34568  >  44120 [ACK] Seq=1 Ack=434401 Win=276992 Len=0 TSval=2997802175 TSecr=575212828"
"334","4.626245842","10.0.0.3","10.0.0.2","TCP","2962","44120  >  34568 [PSH, ACK] Seq=496665 Ack=1 Win=42496 Len=2896 TSval=575213374 TSecr=2997802078"
"335","4.644074466","10.0.0.2","10.0.0.3","TCP","66","34568  >  44120 [ACK] Seq=1 Ack=437297 Win=276992 Len=0 TSval=2997802199 TSecr=575212851"
"336","4.646220330","10.0.0.3","10.0.0.2","TCP","2962","44120  >  34568 [PSH, ACK] Seq=499561 Ack=1 Win=42496 Len=2896 TSval=575213398 TSecr=2997802103"
"337","4.667865864","10.0.0.2","10.0.0.3","TCP","66","34568  >  44120 [ACK] Seq=1 Ack=440193 Win=276992 Len=0 TSval=2997802223 TSecr=575212851"
"338","4.670693463","10.0.0.3","10.0.0.2","TCP","2962","44120  >  34568 [PSH, ACK] Seq=502457 Ack=1 Win=42496 Len=2896 TSval=575213421 TSecr=2997802126"
"339","4.692637098","10.0.0.2","10.0.0.3","TCP","66","34568  >  44120 [ACK] Seq=1 Ack=443089 Win=276992 Len=0 TSval=2997802248 TSecr=575212875"
"340","4.695108321","10.0.0.3","10.0.0.2","TCP","2962","44120  >  34568 [PSH, ACK] Seq=505353 Ack=1 Win=42496 Len=2896 TSval=575213444 TSecr=2997802150"
"341","4.716389929","10.0.0.3","10.0.0.2","TCP","2639","44120  >  34568 [PSH, ACK] Seq=508249 Ack=1 Win=42496 Len=2573 TSval=575213469 TSecr=2997802175"
"342","4.716387294","10.0.0.2","10.0.0.3","TCP","66","34568  >  44120 [ACK] Seq=1 Ack=445985 Win=276992 Len=0 TSval=2997802271 TSecr=575212901"
"343","4.741542287","10.0.0.2","10.0.0.3","TCP","66","34568  >  44120 [ACK] Seq=1 Ack=448881 Win=276992 Len=0 TSval=2997802296 TSecr=575212924"
"344","4.764709150","10.0.0.2","10.0.0.3","TCP","66","34568  >  44120 [ACK] Seq=1 Ack=451777 Win=276992 Len=0 TSval=2997802320 TSecr=575212951"
"345","4.814189476","10.0.0.2","10.0.0.3","TCP","66","34568  >  44120 [ACK] Seq=1 Ack=454673 Win=276992 Len=0 TSval=2997802369 TSecr=575212972"
"346","4.862341616","10.0.0.2","10.0.0.3","TCP","66","34568  >  44120 [ACK] Seq=1 Ack=457569 Win=276992 Len=0 TSval=2997802417 TSecr=575213021"
"347","4.886451920","10.0.0.2","10.0.0.3","TCP","66","34568  >  44120 [ACK] Seq=1 Ack=460465 Win=276992 Len=0 TSval=2997802441 TSecr=575213056"
"348","4.909789017","10.0.0.2","10.0.0.3","TCP","66","34568  >  44120 [ACK] Seq=1 Ack=463361 Win=276992 Len=0 TSval=2997802465 TSecr=575213069"
"349","4.959196403","10.0.0.2","10.0.0.3","TCP","66","34568  >  44120 [ACK] Seq=1 Ack=466257 Win=276992 Len=0 TSval=2997802514 TSecr=575213094"
"350","4.984117079","10.0.0.2","10.0.0.3","TCP","66","34568  >  44120 [ACK] Seq=1 Ack=469153 Win=276992 Len=0 TSval=2997802539 TSecr=575213094"
"351","5.007613274","10.0.0.2","10.0.0.3","TCP","66","34568  >  44120 [ACK] Seq=1 Ack=472049 Win=276992 Len=0 TSval=2997802563 TSecr=575213142"
"352","5.031650305","10.0.0.2","10.0.0.3","TCP","66","34568  >  44120 [ACK] Seq=1 Ack=474945 Win=276992 Len=0 TSval=2997802586 TSecr=575213167"
"353","5.068446930","10.0.0.2","10.0.0.3","TCP","66","34568  >  44120 [ACK] Seq=1 Ack=479289 Win=276992 Len=0 TSval=2997802623 TSecr=575213190"
"354","5.091700986","10.0.0.2","10.0.0.3","TCP","66","34568  >  44120 [ACK] Seq=1 Ack=482185 Win=276992 Len=0 TSval=2997802647 TSecr=575213215"
"355","5.115653131","10.0.0.2","10.0.0.3","TCP","66","34568  >  44120 [ACK] Seq=1 Ack=485081 Win=276992 Len=0 TSval=2997802671 TSecr=575213240"
"356","5.141516959","10.0.0.2","10.0.0.3","TCP","66","34568  >  44120 [ACK] Seq=1 Ack=487977 Win=276992 Len=0 TSval=2997802697 TSecr=575213300"
"357","5.164805961","10.0.0.2","10.0.0.3","TCP","66","34568  >  44120 [ACK] Seq=1 Ack=490873 Win=276992 Len=0 TSval=2997802720 TSecr=575213300"
"358","5.189397761","10.0.0.2","10.0.0.3","TCP","66","34568  >  44120 [ACK] Seq=1 Ack=493769 Win=276992 Len=0 TSval=2997802745 TSecr=575213324"
"359","5.214568474","10.0.0.2","10.0.0.3","TCP","66","34568  >  44120 [ACK] Seq=1 Ack=496665 Win=276992 Len=0 TSval=2997802768 TSecr=575213348"
"360","5.237251747","10.0.0.2","10.0.0.3","TCP","66","34568  >  44120 [ACK] Seq=1 Ack=499561 Win=276992 Len=0 TSval=2997802792 TSecr=575213374"
"361","5.262705054","10.0.0.2","10.0.0.3","TCP","66","34568  >  44120 [ACK] Seq=1 Ack=502457 Win=276992 Len=0 TSval=2997802817 TSecr=575213398"
"362","5.285658549","10.0.0.2","10.0.0.3","TCP","66","34568  >  44120 [ACK] Seq=1 Ack=505353 Win=276992 Len=0 TSval=2997802841 TSecr=575213421"
"363","5.310177907","10.0.0.2","10.0.0.3","TCP","66","34568  >  44120 [ACK] Seq=1 Ack=508249 Win=276992 Len=0 TSval=2997802865 TSecr=575213444"
"364","5.334098898","10.0.0.2","10.0.0.3","TCP","66","34568  >  44120 [ACK] Seq=1 Ack=510822 Win=277504 Len=0 TSval=2997802889 TSecr=575213469"
